{"cameraMode":{"drawMode":0,"name":"Shaded","section":"Shading Mode"},"sceneLighting":true,"audioPlay":false,"sceneViewState":{"m_AlwaysRefresh":false,"showFog":true,"showSkybox":true,"showFlares":true,"showImageEffects":true,"showParticleSystems":true,"showVisualEffectGraphs":true,"m_FxEnabled":true},"in2DMode":false,"pivot":{"x":0.001205742359161377,"y":-0.04794900119304657,"z":31.48442268371582},"rotation":{"x":0.006600579712539911,"y":0.012000208720564843,"z":-0.00007781722524669021,"w":0.9999103546142578},"size":17.409982681274415,"orthographic":false}